expires_at,available,id,username,cusername,handle,display_name,created_at,channel_type,country_code,country,avatar,Banner,website,Facebook,twitch,twitter,Instagram,linkedin,discord,tik tok,uploads,subscribers,totalviews,growthsubs1,growthsubs3,growthsubs7,growthsubs14,growthsubs30,growthsubs60,growthsubs90,growthsubs180,growthsubs365,growthviews1,growthviews3,growthviews7,growthviews14,growthviews30,growthviews60,growthviews90,growthviews180,growthviews365,grade,sb_verified,made_for_kids,database_rank,sbrank,db_top_10,sp_top_100_excluding_top_10,rankedsubscribers,rankedviews,rankcountry
01/08/2023 22:19:35 EST,551,UCbCmjCuTUZos6Inko4u57UQ,checkgate,cocomelon,@cocomelon,Cocomelon - Nursery Rhymes,38961,education,US,United States,TRUE,TRUE,TRUE,TRUE,FALSE,TRUE,TRUE,FALSE,FALSE,FALSE,825,149000000,145729200196,0,1000000,1000000,1000000,3000000,5000000,7000000,12000000,26000000,85019633,242035226,580543737,1170899638,2627486207,4993638139,7427118550,14659156904,30594961325,A++,FALSE,TRUE,1,3,TRUE,FALSE,3,2,1
01/08/2023 22:19:33 EST,552,UCq-Fj5jknLsUf-MWSy4_brA,tseries,tseries,@tseries,T-Series,38789,music,IN,India,TRUE,FALSE,TRUE,TRUE,FALSE,TRUE,TRUE,FALSE,FALSE,FALSE,18195,231000000,209192055684,0,0,1000000,1000000,2000000,5000000,7000000,13000000,31000000,105857317,265402258,748132781,1260800114,2653298199,5191541522,8017326174,15823350338,35982097595,A++,FALSE,FALSE,2,4,TRUE,FALSE,1,1,1
01/08/2023 22:19:40 EST,547,UCpEhnqL0y41EpW2TvWAHD7Q,setindia,setindia,@setindia,SET India,38980,entertainment,IN,India,TRUE,TRUE,TRUE,TRUE,FALSE,TRUE,FALSE,FALSE,FALSE,FALSE,100321,147000000,135011663016,0,0,0,0,1000000,3000000,5000000,12000000,26000000,66879914,132032776,401486157,887795082,1996023012,4072829298,6415945919,15266739348,29372701061,A++,FALSE,FALSE,3,5,TRUE,FALSE,4,3,2
01/08/2023 22:19:46 EST,545,UC6-F5tO8uklgE9Zy8IvbdFw,sabtv,sonysab,@sonysab,Sony SAB,39298,entertainment,IN,India,TRUE,TRUE,TRUE,TRUE,FALSE,TRUE,FALSE,FALSE,FALSE,FALSE,61632,74800000,89014662597,0,100000,200000,400000,1000000,2000000,3000000,6600000,14100000,0,95482437,345669223,692330820,1431598784,3051736408,4732795636,9999525173,21288431544,A++,FALSE,FALSE,4,6,TRUE,FALSE,18,4,5
01/08/2023 22:20:02 EST,538,UCk8GzjMOrta8yxDcKfylJYw,k8GzjMOrta8yxDcKfylJYw,kidsdianashow,@kidsdianashow,✿ Kids Diana Show,42136,entertainment,US,United States,TRUE,TRUE,TRUE,TRUE,FALSE,FALSE,TRUE,FALSE,FALSE,TRUE,1041,105000000,85034512201,1000000,1000000,1000000,1000000,3000000,4000000,5000000,8900000,19000000,0,93439919,275795280,624728886,1472772940,2445783001,3923135906,8994608325,19681208752,A++,TRUE,TRUE,5,9,TRUE,FALSE,8,6,3
01/08/2023 22:20:27 EST,526,UCe9JSDmyqNgA_l2BzGHq1Ug,Harpalgeo,harpalgeoofficial,@harpalgeoofficial,HAR PAL GEO,39449,entertainment,PK,Pakistan,TRUE,FALSE,TRUE,TRUE,FALSE,TRUE,TRUE,FALSE,FALSE,FALSE,75543,35400000,30692304114,0,0,100000,300000,800000,1700000,2500000,4900000,10400000,0,116260986,232832595,524036894,1182739396,2412578850,3517612564,6465571412,12468977276,A+,FALSE,FALSE,6,15,TRUE,FALSE,87,26,2
01/08/2023 22:58:15 EST,169,UCN8S4CqMRy6tVKVXvs7Bzeg,N8S4CqMRy6tVKVXvs7Bzeg,wowkidz1,@wowkidz1,Wow Kidz,42182,entertainment,IN,India,TRUE,TRUE,TRUE,TRUE,FALSE,TRUE,TRUE,FALSE,FALSE,FALSE,4420,29300000,15710644119,0,0,100000,100000,400000,700000,1000000,1900000,4100000,5683698,23118712,42060228,83248184,1046792037,1395716756,6411729255,1159555288,1238424498,A+,FALSE,FALSE,7,18,TRUE,FALSE,126,155,38
01/08/2023 22:21:06 EST,510,UCvrhwpnp2DHYQ1CbXby9ypQ,STARVIJAY,vijaytelevision,@vijaytelevision,Vijay Television,39114,entertainment,IN,India,TRUE,FALSE,TRUE,TRUE,FALSE,TRUE,TRUE,FALSE,FALSE,FALSE,34232,18200000,22604264292,0,100000,100000,200000,300000,600000,800000,1300000,2500000,60824645,112939215,191344403,472586086,796269257,1749984619,2219723360,3653877649,7016522781,A+,FALSE,FALSE,8,23,TRUE,FALSE,215,70,70
01/08/2023 22:24:15 EST,432,UCp_r6Z-Oh0YTf-ym71z5Nqg,AsianetIndia,asianet,@asianet,Asianet,39455,entertainment,IN,India,TRUE,TRUE,TRUE,TRUE,FALSE,TRUE,FALSE,FALSE,FALSE,FALSE,108993,8400000,14025518036,10000,20000,50000,100000,190000,350000,400000,620000,1270000,0,21783753,75630948,154813587,618357117,2688671032,3694760339,4382568612,6474592104,A+,FALSE,FALSE,9,28,TRUE,FALSE,451,194,204
01/08/2023 22:20:52 EST,519,UCNRl8nOCoUvki2FNFxQZgEg,NRl8nOCoUvki2FNFxQZgEg,,@dednahype,dednahype,43910,comedy,LV,Latvia,TRUE,FALSE,TRUE,FALSE,FALSE,FALSE,TRUE,FALSE,FALSE,TRUE,1032,12100000,12249931585,0,100000,200000,400000,800000,1500000,2110000,4550000,7980000,37874816,112567192,269858815,482913099,1068147029,1975286845,2717818554,4989261733,8003495631,A+,FALSE,FALSE,10,31,TRUE,FALSE,276,261,1
01/08/2023 22:21:26 EST,501,UCX6OQ3DkcsbYNE6H8uQQuVA,MrBeast6000,,@mrbeast,MrBeast,40959,entertainment,US,United States,TRUE,TRUE,TRUE,FALSE,FALSE,TRUE,TRUE,FALSE,FALSE,FALSE,732,117000000,19433298430,1000000,1000000,2000000,4000000,7000000,12000000,13000000,20200000,32900000,0,124366904,294971557,524871024,1022559682,1780718680,2076254520,3352113225,5555511118,A+,TRUE,FALSE,11,32,FALSE,TRUE,6,110,2
01/08/2023 22:19:57 EST,542,UCTAacyv5T4cSus1W4D6eBfA,TAacyv5T4cSus1W4D6eBfA,korayzeynep,@korayzeynep0,Koray Zeynep,42559,people,,Unspecified,TRUE,TRUE,TRUE,FALSE,FALSE,FALSE,TRUE,FALSE,FALSE,TRUE,12064,11200000,13101670775,100000,100000,200000,400000,700000,1200000,1570000,3010000,9740000,36612276,110412635,282179291,552798087,979409641,1887857397,2501678224,4286616314,11157026375,A+,FALSE,FALSE,12,36,FALSE,TRUE,285,232,
01/08/2023 22:55:34 EST,248,UCXmseTCR4w5q36pupOJKegw,XmseTCR4w5q36pupOJKegw,chapitosiki,@chapitosiki,Chapitosiki,43854,entertainment,RU,Russian Federation,TRUE,FALSE,TRUE,FALSE,FALSE,FALSE,FALSE,FALSE,FALSE,TRUE,1458,7590000,6886498725,30000,80000,200000,440000,1010000,2050000,2500000,4050000,5790000,28799003,82453974,170634228,422499973,908942701,1858461758,2519944719,4343719395,6125513212,A+,FALSE,FALSE,13,39,FALSE,TRUE,537,689,38
01/08/2023 22:24:20 EST,429,UCN4NflpHqLeHQZ91kTUVCBw,N4NflpHqLeHQZ91kTUVCBw,,@ishaanali11,Ishaan Ali 11,42578,people,IN,India,TRUE,FALSE,TRUE,FALSE,FALSE,FALSE,FALSE,FALSE,FALSE,FALSE,643,12800000,8009657869,100000,100000,400000,800000,1500000,2300000,2990000,7070000,11070000,0,56485910,201859516,435856184,897392607,1390782799,2035148007,4536190273,6986126209,A+,FALSE,FALSE,14,41,FALSE,TRUE,269,520,110
01/08/2023 22:21:34 EST,498,UChK6a3Ro3po3fUfAm3_MyUQ,DiabolikFLARE,josephsim,@jojosim,Jojo Sim,41302,entertainment,US,United States,TRUE,TRUE,TRUE,FALSE,FALSE,TRUE,TRUE,FALSE,FALSE,TRUE,1283,7120000,8798846780,10000,50000,130000,260000,610000,970000,1400000,2230000,4350000,20282511,70865216,187888287,380327246,847720437,1393620654,1936277050,2979029686,5837572702,A+,FALSE,FALSE,15,43,FALSE,TRUE,582,444,373
01/08/2023 22:20:06 EST,536,UC55IWqFLDH1Xp7iu1_xknRA,ColorsTV,colorstv,@colorstv,Colors TV,39612,entertainment,IN,India,TRUE,TRUE,TRUE,TRUE,FALSE,TRUE,FALSE,FALSE,FALSE,FALSE,98344,58200000,56505035931,0,100000,100000,300000,700000,1300000,2200000,4800000,10700000,28010041,82303575,190311118,376672677,842851109,1753919483,2784871351,5926086301,12902146043,A,FALSE,FALSE,16,51,FALSE,TRUE,28,10,9
01/08/2023 22:20:18 EST,531,UCarn1tZGBKozadTQIZRbMRw,arn1tZGBKozadTQIZRbMRw,,@,Bahauddin Dije,41334,people,,Unspecified,TRUE,FALSE,TRUE,FALSE,FALSE,FALSE,FALSE,FALSE,FALSE,FALSE,1048,2210000,1286775633,30000,90000,190000,430000,1210000,2120800,2121100,2208940,2208940,21912172,42210221,116682031,297915517,822269763,1223682101,1224101974,1264914873,1264917624,A,FALSE,FALSE,17,52,FALSE,TRUE,1076,6858,
01/08/2023 22:20:31 EST,525,UClR74BSOFXxMOKtuaaPu91Q,lR74BSOFXxMOKtuaaPu91Q,,@youneszarou,Younes Zarou,44322,entertainment,DE,Germany,TRUE,FALSE,TRUE,FALSE,FALSE,FALSE,FALSE,FALSE,FALSE,FALSE,2492,7090000,8820021450,20000,40000,120000,260000,610000,1320000,1910000,4260000,6512000,19193305,56722860,175017055,321610680,771116350,1707421363,2531720626,5415729125,8252760635,A,FALSE,FALSE,18,53,FALSE,TRUE,584,442,12
01/08/2023 22:27:25 EST,355,UCstEtN0pgOmCf02EdXsGChw,ABSCBNOnline,abscbnentertainment,@abscbnentertainment,ABS-CBN Entertainment,39645,entertainment,PH,Philippines,TRUE,TRUE,TRUE,TRUE,FALSE,TRUE,TRUE,FALSE,FALSE,FALSE,190984,41700000,49030070322,0,0,0,100000,200000,500000,700000,2000000,4400000,6366244,20410334,42312914,177522420,551986194,1018879760,1155571025,2228753630,4385643206,A,FALSE,FALSE,19,55,FALSE,TRUE,60,15,1
01/08/2023 22:20:21 EST,530,UCb8vrqP8Z7Oz9ZTYvUtjUHQ,labelled4,daniellabelle,@daniellabelle,Daniel LaBelle,39883,comedy,,Unspecified,TRUE,FALSE,TRUE,FALSE,FALSE,FALSE,FALSE,FALSE,FALSE,FALSE,250,18500000,9712203514,100000,100000,200000,500000,1200000,2600000,3500000,6600000,11270000,20539969,38450522,116999819,272988731,755637671,1442953794,1977465488,3640017737,6582989382,A,FALSE,FALSE,20,57,FALSE,TRUE,212,381,
01/08/2023 22:20:23 EST,528,UCFFbwnve3yF62-tVXkTyHqg,ZeeMusicCompany,,@zeemusiccompany,Zee Music Company,41710,music,IN,India,TRUE,FALSE,TRUE,TRUE,FALSE,TRUE,TRUE,FALSE,FALSE,FALSE,7313,90500000,52353197705,100000,100000,200000,400000,900000,1900000,2700000,5900000,10900000,0,45149946,169241859,309862354,748299900,1652071131,2392776335,4890108499,9347880985,A,FALSE,FALSE,21,59,FALSE,TRUE,13,14,3
01/08/2023 22:19:54 EST,544,UCSf0s2ogUVYpJPuzW1zpAOg,Sf0s2ogUVYpJPuzW1zpAOg,lankybox,@lankybox,LankyBox,42581,games,US,United States,TRUE,TRUE,TRUE,TRUE,FALSE,FALSE,TRUE,FALSE,FALSE,FALSE,6621,21800000,29291040006,0,100000,200000,300000,600000,1100000,1800000,3500000,7900000,0,57607013,160967523,331865620,756897962,1553478091,2693382918,5482250464,13038401685,A,FALSE,FALSE,22,63,FALSE,TRUE,181,33,80
01/08/2023 22:22:36 EST,476,UCppHT7SZKKvar4Oc9J4oljQ,zeetv,,@zeetv,Zee TV,38697,entertainment,IN,India,TRUE,FALSE,TRUE,TRUE,FALSE,TRUE,FALSE,FALSE,FALSE,FALSE,76939,64800000,29626454587,0,0,100000,200000,600000,1100000,1400000,2300000,4400000,27596554,97657812,217940033,353192043,749433137,11635114311,12111504957,13164679075,15262138536,A,FALSE,FALSE,23,72,FALSE,TRUE,23,31,6
01/08/2023 22:21:18 EST,504,UCJQsW7LeVEIDCEJU47NmXBA,JQsW7LeVEIDCEJU47NmXBA,,@themccartyfam,The McCartys,41463,entertainment,US,United States,TRUE,TRUE,TRUE,FALSE,FALSE,FALSE,FALSE,FALSE,FALSE,FALSE,1686,5530000,9092737132,10000,40000,100000,190000,400000,760000,1090000,2100000,4450000,58935479,108522015,186561633,362056834,759025801,1430912468,2070821047,3669294836,7413958384,A,FALSE,FALSE,24,73,FALSE,TRUE,743,421,510
01/08/2023 22:23:23 EST,457,UCK5Q72Uyo73uRPk8PmM2A3w,K5Q72Uyo73uRPk8PmM2A3w,genevievesplayhouse,@genevievesplayhouse,Genevieve's Playhouse - Learning Videos for Kids,42375,film,US,United States,TRUE,FALSE,TRUE,TRUE,FALSE,TRUE,TRUE,FALSE,FALSE,FALSE,588,29600000,21182622625,100000,100000,300000,500000,1100000,1700000,2400000,3900000,7300000,22821407,66186957,187602263,328955368,705893505,1315419628,1918782054,3460278100,6971373734,A,FALSE,TRUE,25,76,FALSE,TRUE,125,88,46
01/08/2023 22:20:16 EST,532,UCWaOde99oeUVoXbIj3SNu9g,WaOde99oeUVoXbIj3SNu9g,sagawa,@sagawa,Sagawa /さがわ,44240,entertainment,JP,Japan,TRUE,FALSE,TRUE,TRUE,FALSE,FALSE,TRUE,FALSE,FALSE,TRUE,4466,15100000,12813692283,0,100000,200000,400000,700000,1700000,2700000,6070000,10890000,0,52302538,155026559,337130178,698545203,1377117890,2124357503,4343959837,9058770168,A,FALSE,FALSE,26,78,FALSE,TRUE,246,242,3
01/08/2023 22:23:22 EST,458,UCBnxEdpoZwstJqC1yZpOjRA,BnxEdpoZwstJqC1yZpOjRA,suntv,@suntv,Sun TV,42426,entertainment,IN,India,TRUE,TRUE,TRUE,TRUE,FALSE,TRUE,TRUE,FALSE,FALSE,FALSE,41848,20100000,16341775296,0,0,0,100000,300000,600000,1000000,2100000,5400000,42090405,61330201,156734514,338699513,664135708,1332135810,1997635956,3906329762,7630487325,A,FALSE,FALSE,27,87,FALSE,TRUE,195,143,60
01/08/2023 22:19:36 EST,550,UCJplp5SjeGSdVdwsfb9Q7lQ,Jplp5SjeGSdVdwsfb9Q7lQ,,@likenastyaofficial,Like Nastya,42710,entertainment,US,United States,TRUE,FALSE,TRUE,TRUE,FALSE,FALSE,TRUE,FALSE,FALSE,TRUE,739,102000000,85969463627,0,0,0,0,0,1000000,2000000,5800000,19800000,25311698,76277597,159667475,323046689,649784943,1554655762,2410049036,7245183137,20218522012,A,FALSE,TRUE,28,92,FALSE,TRUE,9,5,4
01/08/2023 22:20:44 EST,521,UCLsooMJoIpl_7ux2jvdPB-Q,supersimplesongs,supersimplesongs,@supersimplesongs,Super Simple Songs - Kids Songs,38968,education,CA,Canada,TRUE,FALSE,TRUE,TRUE,FALSE,TRUE,TRUE,FALSE,FALSE,FALSE,623,36800000,40011579165,0,0,100000,200000,500000,900000,1200000,2400000,4400000,22284893,65734644,176088347,313394301,682935926,1348074177,1941914434,3872339462,7525344520,A,FALSE,FALSE,29,93,FALSE,TRUE,79,18,2
01/08/2023 22:20:49 EST,520,UCoGForHQAmk0_9rI9CABeYw,woodyandkleiny,woodyandkleiny,@woodyandkleiny,Woody & Kleiny,41363,entertainment,GB,United Kingdom,TRUE,FALSE,TRUE,TRUE,FALSE,TRUE,TRUE,FALSE,FALSE,TRUE,774,10800000,8093375300,100000,100000,100000,300000,600000,930000,1840000,2940000,5150000,36432245,55632784,127675669,304842048,660626151,1133675521,1907214755,2934591530,5465452001,A,FALSE,FALSE,30,97,FALSE,TRUE,289,507,45
01/08/2023 22:20:42 EST,522,UCcdwLMPsaU2ezNSJU1nFoBQ,smartbooksmedia,pinkfong,@pinkfong,Pinkfong Baby Shark - Kids' Songs & Stories,40891,education,US,United States,TRUE,TRUE,TRUE,FALSE,FALSE,FALSE,TRUE,FALSE,FALSE,FALSE,2539,63100000,34929118468,0,100000,300000,600000,1100000,1900000,2800000,4800000,9100000,44601604,83510679,183282292,353343300,664737103,1323733356,2038460495,3863489295,7436226366,A,FALSE,TRUE,31,98,FALSE,TRUE,24,22,8
01/08/2023 22:20:59 EST,514,UCEeEQxm6qc_qaTE7qTV5aLQ,HumNetwork,humtvpak,@humtv,HUM TV,40688,entertainment,PK,Pakistan,TRUE,TRUE,TRUE,TRUE,FALSE,TRUE,TRUE,FALSE,FALSE,FALSE,80558,24200000,19274538199,100000,100000,200000,300000,600000,1200000,1700000,3000000,7100000,0,45557494,130316689,282966480,626565250,1292603963,1954823765,3748452214,8073801670,A,FALSE,FALSE,32,100,FALSE,TRUE,160,112,3
01/08/2023 22:20:54 EST,517,UCK1i2UviaXLUNrZlAFpw_jA,reinomariaelenawalsh,elreinoinfantil,@elreinoinfantil,El Reino Infantil,40696,music,AR,Argentina,TRUE,FALSE,TRUE,TRUE,FALSE,FALSE,TRUE,FALSE,FALSE,TRUE,1388,54100000,52630446168,0,0,100000,300000,600000,1200000,1700000,3700000,7500000,22141378,63059310,148444003,290125325,642021790,1300446093,1982175588,4179969470,8497216912,A,FALSE,TRUE,33,102,FALSE,TRUE,36,13,1
01/08/2023 22:22:03 EST,489,UC6VAIqNQBc7ggiqvsOHOBqw,6VAIqNQBc7ggiqvsOHOBqw,nichlmao123,@nichlmao123,NichLmao,43368,people,,Unspecified,TRUE,TRUE,TRUE,FALSE,FALSE,TRUE,TRUE,FALSE,FALSE,TRUE,684,19100000,10368581285,100000,100000,300000,500000,900000,2100000,3800000,8600000,15340000,20927440,61277064,148950397,269548839,616005890,1279962435,2168603909,4667625222,8508167401,A,FALSE,FALSE,34,106,FALSE,TRUE,206,334,
01/08/2023 22:21:12 EST,507,UC3339WgBDKIcxTfywuSmG8w,3339WgBDKIcxTfywuSmG8w,viralhog,@viralhog,ViralHog,41873,people,US,United States,TRUE,FALSE,TRUE,TRUE,FALSE,TRUE,TRUE,FALSE,FALSE,TRUE,36161,7710000,11047561382,20000,60000,130000,250000,560000,1130000,1720000,3340000,5520000,0,48895334,139688008,275856892,598630146,1313279402,2124347890,4544076888,8041625107,A,TRUE,FALSE,35,109,FALSE,TRUE,524,305,326
01/08/2023 22:22:46 EST,471,UCJrDMFOdv1I2k8n9oK_V21w,tipsmusic,tipsofficial,@tipsofficial,Tips Official,39224,entertainment,IN,India,TRUE,TRUE,TRUE,TRUE,FALSE,TRUE,TRUE,FALSE,FALSE,FALSE,4027,55400000,29994376954,0,0,100000,300000,700000,1200000,1800000,3800000,7700000,24372282,64394564,146756983,286759747,608785901,1042127044,1725070090,3080645446,6019323959,A,FALSE,FALSE,36,115,FALSE,TRUE,31,29,11
01/08/2023 22:56:51 EST,209,UCqECaJ8Gagnn7YCbPEzWH6g,TaylorSwift,taylorswift,@taylorswift,Taylor Swift,38980,music,US,United States,TRUE,FALSE,TRUE,TRUE,FALSE,TRUE,TRUE,FALSE,FALSE,TRUE,204,50400000,27313255940,0,0,100000,100000,800000,2800000,3000000,3800000,5300000,15750240,34341370,77254805,159875576,530822897,1255903489,1490743224,2198974472,3583142287,A,FALSE,FALSE,37,128,FALSE,TRUE,40,39,15
01/08/2023 23:02:26 EST,80,UCa1wy0BrGFnKfqgfPTrPt8A,a1wy0BrGFnKfqgfPTrPt8A,lhmaake,@lhmaake,LHMAAKE,44203,comedy,MA,Morocco,TRUE,FALSE,TRUE,FALSE,FALSE,FALSE,FALSE,FALSE,FALSE,FALSE,2917,2020000,2445619543,10000,20000,70000,140000,370000,940000,1165000,1222000,1757000,11548226,49278870,96662407,193072111,525751226,1241084344,1528951291,1648456000,2252253027,A,FALSE,FALSE,38,140,FALSE,TRUE,1099,3077,70
01/08/2023 22:23:00 EST,467,UCZLOlM5df0CXW9bP5MAeE7A,ZLOlM5df0CXW9bP5MAeE7A,chetanmongavlogs,@chetanmongavlogs,Chetan Monga Vlogs,41868,people,IN,India,TRUE,FALSE,TRUE,FALSE,FALSE,FALSE,TRUE,FALSE,FALSE,FALSE,774,10300000,7536316905,100000,200000,300000,590000,1140000,2170000,3250000,5100000,8590000,32624285,62746200,120003644,236426677,560233461,1100561735,1578974335,2939484032,6180409700,A,FALSE,FALSE,39,141,FALSE,TRUE,296,571,135
01/08/2023 22:56:05 EST,234,UC56dNUTok1pgvpY75CsJQ4Q,56dNUTok1pgvpY75CsJQ4Q,,@gulshankalra07,Gulshan Kalra,43199,howto,,Unspecified,TRUE,FALSE,TRUE,FALSE,FALSE,FALSE,TRUE,FALSE,FALSE,FALSE,422,18100000,8542448914,0,100000,200000,500000,1100000,2400000,3700000,7300000,16280000,19641412,57331817,127697242,239287263,535162892,1158263588,1779450335,3207724324,7623961606,A,FALSE,FALSE,40,143,FALSE,TRUE,216,466,
01/08/2023 22:25:27 EST,400,UCPuEAY09CtdTzFNWuqVZgDw,PuEAY09CtdTzFNWuqVZgDw,,@topperguild,Topper Guild,41829,comedy,US,United States,TRUE,TRUE,TRUE,FALSE,FALSE,FALSE,TRUE,FALSE,FALSE,TRUE,572,10100000,10510577035,0,100000,120000,290000,510000,900000,1400000,2890000,5480000,22119104,62310615,140927820,284377174,516976989,956494632,1457221625,2921601734,4867583631,A,FALSE,FALSE,41,154,FALSE,TRUE,297,326,184
01/08/2023 22:21:11 EST,508,UCJ5v_MCY6GNUBTO8-D3XoAg,wwefannation,wwe,@wwe,WWE,39213,sports,US,United States,TRUE,FALSE,TRUE,TRUE,FALSE,TRUE,TRUE,FALSE,FALSE,FALSE,65487,92200000,72816050168,0,0,100000,200000,500000,900000,1400000,3400000,8200000,15715566,64293624,106174939,224266989,495191049,989266456,1548877159,3643432972,8299423529,A,FALSE,FALSE,42,161,FALSE,TRUE,11,7,5
01/08/2023 23:03:12 EST,65,UC2bYhAHyaqfWlPXWBVk4BcA,TheEnaldinhO,theenaldinho,@enaldinho,Enaldinho,41220,entertainment,BR,Brazil,TRUE,TRUE,TRUE,TRUE,FALSE,TRUE,TRUE,FALSE,FALSE,TRUE,3189,24300000,8973367994,100000,100000,200000,400000,800000,1800000,2600000,4800000,6300000,30828075,60601995,109991928,222841202,475802296,949082368,1312149813,2060847449,3372411184,A,FALSE,FALSE,43,162,FALSE,TRUE,159,430,12
01/08/2023 22:21:59 EST,492,UCu59yAFE8fM0sVNTipR4edw,MashaBearEN,mashabearen,@mashabearen,Masha and The Bear,41899,film,US,United States,TRUE,TRUE,TRUE,TRUE,FALSE,FALSE,TRUE,FALSE,FALSE,TRUE,1011,37500000,21192932502,0,100000,200000,300000,800000,1400000,1900000,3500000,6900000,27911706,42262548,103520804,214943320,455441121,907955142,1323328199,2613509006,5151554370,A,FALSE,TRUE,44,171,FALSE,TRUE,76,85,25
01/08/2023 22:22:02 EST,490,UCR5wZcXtOUka8jTA57flzMg,netdmuzikk,netdmuzik,@netdmuzik,netd müzik,41662,music,TR,Turkey,TRUE,TRUE,TRUE,TRUE,FALSE,TRUE,TRUE,FALSE,FALSE,FALSE,21769,23300000,52712661161,0,0,0,0,100000,200000,300000,800000,1900000,32019127,62868879,112719263,222402983,466948317,972072362,1504574327,2967626949,6060137251,A,FALSE,FALSE,45,179,FALSE,TRUE,166,12,1
01/08/2023 22:25:52 EST,390,UCzEAWIWMigRBbulQ6yVlilg,zEAWIWMigRBbulQ6yVlilg,priyalkukreja21,@priyal_kukreja,Priyal Kukreja,44309,people,IN,India,TRUE,FALSE,TRUE,FALSE,FALSE,FALSE,TRUE,FALSE,FALSE,FALSE,574,10500000,7135240749,200000,400000,460000,630000,920000,1680000,2400000,4520000,9930000,22737328,60190441,137959100,236786018,491248975,1038584028,1527336201,2789395469,6905039530,A,FALSE,FALSE,46,181,FALSE,TRUE,297,642,136
01/08/2023 22:58:54 EST,154,UC8md0UEGj7UbjcZtMjBVrgQ,behindwoodstv,behindwoodstv,@behindwoodstv,BehindwoodsTV,40526,people,IN,India,TRUE,FALSE,TRUE,TRUE,FALSE,TRUE,TRUE,FALSE,FALSE,TRUE,38686,10500000,8156579218,0,0,0,100000,100000,300000,520000,1270000,2420000,21123008,82631504,165680601,239250427,474279309,914576301,1409118067,3002037359,4772221100,A,FALSE,FALSE,47,188,FALSE,TRUE,292,505,132
01/08/2023 22:21:01 EST,512,UCo6y9hnRawAqtyWhRhblXqg,o6y9hnRawAqtyWhRhblXqg,dushyantkukreja99,@dushyant_kukreja,Dushyant kukreja,42273,entertainment,IN,India,TRUE,TRUE,TRUE,TRUE,FALSE,FALSE,TRUE,FALSE,FALSE,FALSE,694,19700000,13354027033,100000,100000,100000,300000,600000,2100000,2900000,5900000,12820000,24780707,35708224,76060611,210561537,440531568,1112316643,1663759012,3648982706,8840100543,A,FALSE,FALSE,48,192,FALSE,TRUE,200,216,62
01/08/2023 22:20:24 EST,527,UCAgAsH5n26IHMDyzwhF3wIw,AgAsH5n26IHMDyzwhF3wIw,sevengersofficial,@sevengersofficial,SEVENGERS,43255,comedy,IN,India,TRUE,FALSE,TRUE,TRUE,FALSE,FALSE,TRUE,FALSE,FALSE,FALSE,687,11500000,7754309104,100000,100000,100000,200000,500000,1200000,1530000,3410000,8540000,14252525,38857738,107416442,185868921,436634045,995591139,1255668365,2584081439,6199096691,A,FALSE,FALSE,49,194,FALSE,TRUE,282,538,122
01/08/2023 22:23:14 EST,461,UCNBTflmnht6ZMRNCDNilw9g,NBTflmnht6ZMRNCDNilw9g,zutigang,@zutigang,ZutiGang,44260,people,,Unspecified,TRUE,FALSE,TRUE,FALSE,FALSE,FALSE,TRUE,FALSE,FALSE,FALSE,1013,10500000,11582466405,0,0,100000,200000,400000,880000,1520000,3420000,6610000,23302660,71508227,171392790,288015187,471056168,959801703,1629574159,3598542491,6606301816,A,FALSE,FALSE,50,199,FALSE,TRUE,292,286,
01/08/2023 22:26:51 EST,367,UC56gTxNs4f9xZ7Pa2i5xNzg,sonymusicindiasme,sonymusicindia,@sonymusicindia,Sony Music India,40058,music,IN,India,TRUE,TRUE,TRUE,FALSE,FALSE,TRUE,TRUE,FALSE,FALSE,FALSE,3322,54800000,26673197247,0,100000,100000,300000,600000,1200000,1800000,3500000,6400000,27756108,72364812,147281613,247459634,462630194,843383182,1293240538,2618786985,4706286563,A,FALSE,FALSE,51,200,FALSE,TRUE,33,43,13
01/08/2023 22:23:03 EST,465,UCw7xjxzbMwgBSmbeYwqYRMg,Sonypalindia,,@sonypalindia,Sony PAL,41768,entertainment,IN,India,TRUE,TRUE,TRUE,TRUE,FALSE,TRUE,FALSE,FALSE,FALSE,FALSE,20925,34500000,25266421318,0,0,100000,200000,400000,900000,1300000,2700000,5800000,29848320,44246377,99876750,194034759,437556635,902718485,1306974933,2621422467,5396167189,A,FALSE,FALSE,52,201,FALSE,TRUE,91,53,24
01/08/2023 22:22:45 EST,472,UCBnZ16ahKA2DZ_T5W0FPUXg,thechuchutv,chuchutv,@chuchutv,ChuChu TV Nursery Rhymes & Kids Songs,41314,education,IN,India,TRUE,FALSE,TRUE,TRUE,FALSE,FALSE,TRUE,FALSE,FALSE,FALSE,524,60200000,41258943608,100000,100000,200000,300000,500000,1200000,1800000,3500000,7300000,12227004,37725251,90167958,181277269,426138104,903638578,1425598366,2887259057,6105797150,A,FALSE,TRUE,53,206,FALSE,TRUE,25,17,8
01/08/2023 22:55:35 EST,247,UCxd6ifFZycyUB45d2t9VPQw,xd6ifFZycyUB45d2t9VPQw,,@themermaidscales3585,TheMermaidscales,42950,entertainment,,Unspecified,TRUE,FALSE,TRUE,FALSE,FALSE,FALSE,TRUE,FALSE,FALSE,FALSE,1840,6320000,6162390198,10000,30000,70000,140000,330000,700000,1130000,2520000,4950000,35437779,63758388,111400262,199419023,426787077,842140144,1303340517,2943324987,5474170761,A,FALSE,FALSE,54,209,FALSE,TRUE,661,813,
01/08/2023 22:29:10 EST,316,UCF4Wxdo3inmxP-Y59wXDsFw,mbcnews,mbcnews11,@mbcnews11,MBCNEWS,39026,news,KR,Korea,TRUE,FALSE,TRUE,TRUE,FALSE,TRUE,FALSE,FALSE,FALSE,FALSE,165761,2910000,8331043629,0,0,20000,50000,130000,220000,320000,660000,1150000,13430689,42492133,110147898,204285098,402598071,839661048,1211025375,2594131005,4164110025,A,FALSE,FALSE,55,222,FALSE,TRUE,1006,484,139
01/08/2023 22:20:13 EST,534,UC0Wju2yvRlfwqraLlz5152Q,0Wju2yvRlfwqraLlz5152Q,pandaboi,@pandaboi,PANDA BOI,44170,entertainment,IT,Italy,TRUE,FALSE,TRUE,TRUE,FALSE,FALSE,TRUE,FALSE,FALSE,TRUE,769,15500000,10165818674,0,0,100000,300000,700000,3200000,4600000,7140000,12110000,11751158,21792438,70915492,137644286,398565738,1245071221,1775328258,3027400460,6821289442,A,FALSE,FALSE,56,224,FALSE,TRUE,241,352,1
01/08/2023 22:22:19 EST,483,UCLkAepWjdylmXSltofFvsYQ,bangtantv,bangtan_tv,@bts,BANGTANTV,41260,music,KR,Korea,TRUE,FALSE,TRUE,TRUE,FALSE,TRUE,TRUE,FALSE,FALSE,FALSE,1880,72400000,18768686877,100000,100000,200000,400000,800000,1400000,1800000,5000000,10800000,22186956,40545955,91545204,197668263,409261826,699742577,941426010,2270138065,4630953067,A,FALSE,FALSE,57,225,FALSE,TRUE,19,120,2
01/08/2023 22:23:43 EST,446,UCaayLD9i5x4MmIoVZxXSv_g,tseriesbhakti,tseriesbhaktisagar,@tseriesbhaktisagar,T-Series Bhakti Sagar,40587,music,IN,India,TRUE,TRUE,TRUE,TRUE,FALSE,TRUE,FALSE,FALSE,FALSE,FALSE,24644,56400000,26428615764,0,0,100000,300000,600000,1700000,2900000,5400000,9900000,25526274,40272798,92814566,198628083,401513370,985489104,1671525297,3000443882,5631008304,A,FALSE,FALSE,58,226,FALSE,TRUE,29,45,10
01/08/2023 22:56:26 EST,220,UC4zWG9LccdWGUlF77LZ8toA,4zWG9LccdWGUlF77LZ8toA,primevideoin,@primevideoin,Prime Video India,42646,entertainment,US,United States,TRUE,FALSE,TRUE,TRUE,FALSE,TRUE,TRUE,FALSE,FALSE,FALSE,5305,10100000,7209937884,0,0,0,150000,700000,950000,1180000,1670000,3220000,3049118,8097734,28910556,92995486,377109716,625082788,978819084,1572564606,3139215247,A,FALSE,FALSE,59,230,FALSE,TRUE,296,614,183
01/08/2023 22:56:56 EST,205,UCj-SWZSE0AmotGSQ3apROHw,powerkids,powerkids,@powerkidstv,PowerKids TV,41857,film,IE,Ireland,TRUE,TRUE,TRUE,TRUE,FALSE,TRUE,TRUE,FALSE,FALSE,FALSE,3440,31300000,15973475256,0,100000,200000,400000,800000,1500000,2200000,4400000,7900000,15260562,45669848,106324023,220376774,424185701,806884665,1182216149,2448697832,4400857011,A,FALSE,FALSE,60,232,FALSE,TRUE,111,148,1
01/08/2023 22:23:04 EST,464,UCFXZBGS7J0IDINQc8xtMqCg,FXZBGS7J0IDINQc8xtMqCg,,@scottsreality,scottsreality,44308,entertainment,NL,The Netherlands,TRUE,FALSE,TRUE,FALSE,FALSE,FALSE,TRUE,FALSE,FALSE,FALSE,1111,5580000,8647363177,10000,30000,70000,110000,190000,400000,690000,1940000,4280000,33491542,68704187,143858595,234860353,421520464,916446674,1504490255,3676252746,7019490974,A,FALSE,FALSE,61,240,FALSE,TRUE,736,456,12
01/08/2023 22:20:22 EST,529,UClZAOlfhJQJRym39WoAPxdw,lZAOlfhJQJRym39WoAPxdw,,@thexoteam,XO TEAM,44451,people,US,United States,TRUE,FALSE,TRUE,FALSE,FALSE,FALSE,TRUE,FALSE,FALSE,TRUE,2535,10700000,10639427856,100000,100000,100000,200000,300000,700000,1260000,4330000,10385000,18681910,40206201,95944395,182325564,382251442,810148840,1434309113,4715129412,10456071435,A,FALSE,FALSE,62,246,FALSE,TRUE,290,319,178
01/08/2023 22:55:17 EST,254,UCIvaYmXn910QMdemBG3v1pQ,zeenews,zeenews,@zeenews,Zee News,39252,news,IN,India,TRUE,FALSE,TRUE,TRUE,FALSE,TRUE,TRUE,FALSE,FALSE,FALSE,155869,28200000,13973446225,100000,100000,100000,200000,400000,700000,1000000,2500000,6800000,57480697,92819944,133923141,221772974,439818528,791393072,1197414413,2953765515,6743796465,A,FALSE,FALSE,63,249,FALSE,TRUE,133,197,41
01/08/2023 23:04:56 EST,22,UCYLNGLIzMhRTi6ZOLjAPSmw,shakira,shakira,@shakira,Shakira,38641,howto,CO,Colombia,TRUE,FALSE,TRUE,TRUE,FALSE,TRUE,TRUE,FALSE,FALSE,FALSE,306,39100000,24935497260,0,0,100000,300000,600000,1400000,1600000,2900000,4600000,17965548,37568932,92173184,193973936,381892150,750038119,991454152,1962028568,3157394862,A,FALSE,FALSE,64,251,FALSE,TRUE,67,54,1
01/08/2023 22:56:23 EST,222,UCt4t-jeY85JegMlZ-E5UWtA,aajtaktv,aajtak,@aajtak,Aaj Tak,40052,news,IN,India,TRUE,FALSE,TRUE,TRUE,FALSE,TRUE,TRUE,FALSE,FALSE,FALSE,224218,54700000,22118867836,100000,100000,200000,200000,400000,900000,1300000,2900000,6300000,80288834,93865069,159053611,225085938,433651875,822066955,1369779237,3135721812,6101332713,A,FALSE,FALSE,65,256,FALSE,TRUE,34,74,14
01/08/2023 22:24:49 EST,414,UC3IBN4O7lpVFPthwg3KZjvg,3IBN4O7lpVFPthwg3KZjvg,biphouse,@biphouse,bip_house,44418,people,KZ,Kazakhstan,TRUE,FALSE,TRUE,FALSE,FALSE,FALSE,TRUE,FALSE,FALSE,TRUE,1447,3670000,3170593650,10000,30000,80000,150000,330000,720000,1040000,2350000,3450000,25777604,38553769,95286598,164404559,360962504,710482989,1048892816,2390990331,3066392049,A,FALSE,FALSE,66,259,FALSE,TRUE,932,2147,4
01/08/2023 22:21:14 EST,506,UCVRqK0tS3B8pVog1HwCR4pg,VRqK0tS3B8pVog1HwCR4pg,,@tuzelityofficial,tuzelity SHUFFLE,42303,people,RU,Russian Federation,TRUE,FALSE,TRUE,FALSE,FALSE,FALSE,FALSE,FALSE,FALSE,FALSE,758,13000000,5740071362,0,100000,200000,300000,700000,1700000,2700000,5670000,9460000,19699212,37539890,62658445,164677172,375887032,756078015,1165016314,2514021748,4177923554,A,FALSE,FALSE,67,267,FALSE,TRUE,267,900,10
01/08/2023 22:25:16 EST,403,UC1WbRuMMzbzUfBG65x1FmXQ,Zerogravityus,peetmontzingo,@peetmontzingo,Peet Montzingo,41791,people,US,United States,TRUE,FALSE,TRUE,FALSE,FALSE,TRUE,TRUE,FALSE,FALSE,TRUE,239,9060000,6275504474,10000,30000,80000,240000,400000,830000,1440000,3540000,6520000,0,31808722,65206017,199128503,366782561,792778709,1233192492,2798244037,4987345015,A,FALSE,FALSE,68,272,FALSE,TRUE,389,797,244
01/08/2023 22:26:31 EST,375,UCRv76wLBC73jiP7LX4C3l8Q,mashamedvedtv,mashamedvedtv,@mashamedvedtv,Маша и Медведь,40694,education,RU,Russian Federation,TRUE,FALSE,TRUE,FALSE,FALSE,TRUE,FALSE,FALSE,FALSE,TRUE,1259,40200000,34086611512,0,0,100000,200000,500000,900000,1200000,2100000,4100000,10843083,32826322,78794033,154390129,342352451,687851617,989048265,1740834695,3654665141,A,FALSE,TRUE,69,274,FALSE,TRUE,65,24,2
01/08/2023 22:26:07 EST,386,UCwpcLKMwiuPg4aqImpGk6Ew,cancionesdelagranja,lascancionesdelagranja,@lagranjadezenon,La Granja de Zenón,41431,music,AR,Argentina,TRUE,TRUE,TRUE,TRUE,FALSE,FALSE,TRUE,FALSE,FALSE,TRUE,592,33000000,24257482868,100000,100000,100000,200000,500000,800000,1100000,2000000,3900000,14827076,40418966,102208387,164074775,368657167,698908366,1060393670,2025635794,4041205840,A,FALSE,TRUE,70,281,FALSE,TRUE,101,61,2
01/08/2023 22:54:58 EST,262,UCNzmmbXIbMzlqE8nD1PBXfg,NzmmbXIbMzlqE8nD1PBXfg,dangaltvchannel,@dangaltvchannel,Dangal TV Channel,42949,entertainment,IN,India,TRUE,TRUE,TRUE,TRUE,FALSE,FALSE,TRUE,FALSE,FALSE,FALSE,12224,16700000,10208249009,0,0,100000,200000,300000,800000,1400000,3000000,5800000,0,19462264,69801657,137552909,328681306,776835173,1377637406,2819999521,5172628538,A,FALSE,FALSE,71,284,FALSE,TRUE,229,346,78
01/08/2023 22:26:14 EST,381,UCJF4y2nyCCrDKTgA7dxz1Qw,maatv,starmaatv,@starmaatv,Star Maa,38941,entertainment,IN,India,TRUE,FALSE,TRUE,TRUE,FALSE,TRUE,FALSE,FALSE,FALSE,FALSE,20969,6970000,8665082078,10000,20000,50000,100000,190000,340000,450000,780000,1300000,0,28542680,74255672,183378564,345358428,680914968,960006833,1578274711,2817775529,A,FALSE,FALSE,72,289,FALSE,TRUE,595,453,278
01/08/2023 22:56:43 EST,213,UCT5KHEjT86W6UHX6BS5OGww,semihvarolVEVO,semihvarol,@semihvarol,Semih Varol,41618,entertainment,TR,Turkey,TRUE,TRUE,TRUE,FALSE,FALSE,TRUE,TRUE,FALSE,FALSE,TRUE,1587,2090000,3381087392,0,20000,40000,80000,200000,320000,410000,850000,1555000,0,17806247,58151976,126770611,350540405,579691260,783375127,1615683234,2745500518,A,FALSE,FALSE,73,297,FALSE,TRUE,1091,1951,150
01/08/2023 22:23:49 EST,443,UC3IZKseVpdzPSBaWxBxundA,ibighit,hybelabels,@hybelabels,HYBE LABELS,39603,music,KR,Korea,TRUE,FALSE,TRUE,FALSE,FALSE,TRUE,FALSE,FALSE,FALSE,FALSE,1050,69200000,25444732006,0,100000,200000,300000,400000,900000,1100000,2400000,6200000,13352718,42165238,107201060,188113024,351064348,755659857,1067584458,2390415523,4908249316,A,FALSE,FALSE,74,299,FALSE,TRUE,21,51,3
01/08/2023 22:24:26 EST,427,UCeIuST7AITAf34FvWq4GHwg,eIuST7AITAf34FvWq4GHwg,mingweirocks,@mingweirocks,mingweirocks,43385,comedy,SG,Singapore,TRUE,TRUE,TRUE,TRUE,FALSE,FALSE,TRUE,FALSE,FALSE,TRUE,422,5470000,6000463489,10000,60000,140000,200000,340000,570000,950000,1910000,4748000,0,42768997,124934391,189283775,376363294,638028049,1103435014,2171900445,5535775167,A,FALSE,FALSE,75,301,FALSE,TRUE,750,850,12
01/08/2023 22:55:19 EST,252,UCSs9H1cyB3OHdy8wkit8ZKg,etvteluguindia,etvteluguindia,@etvteluguindia,etvteluguindia,40252,entertainment,IN,India,TRUE,FALSE,TRUE,TRUE,FALSE,TRUE,FALSE,FALSE,FALSE,FALSE,116809,18200000,20915513900,0,0,0,100000,200000,400000,600000,1300000,2700000,11412757,23155333,70035355,149210457,351434789,660862094,1048661046,2076531192,4402814919,A,FALSE,FALSE,76,304,FALSE,TRUE,214,90,69
01/08/2023 22:19:59 EST,540,UCHUu2HAnogpaK2UmTSJT8jg,HUu2HAnogpaK2UmTSJT8jg,,@mujjuu___14,mujjuu___14,43969,people,,Unspecified,TRUE,FALSE,TRUE,TRUE,FALSE,FALSE,TRUE,FALSE,FALSE,FALSE,688,18700000,12062151786,0,100000,200000,400000,800000,1600000,2900000,7300000,16120000,16445571,52823305,47300692,132727426,350963812,853976026,1628043394,4118112016,10107623417,A,FALSE,FALSE,77,305,FALSE,TRUE,210,267,
01/08/2023 23:03:39 EST,55,UC5BMIWZe9isJXLZZWPWvBlg,kompastvnews,kompastv,@kompastv,KOMPASTV,41509,news,ID,Indonesia,TRUE,TRUE,TRUE,TRUE,FALSE,TRUE,TRUE,FALSE,FALSE,TRUE,240119,13900000,10562014465,0,100000,100000,200000,300000,700000,900000,2000000,3200000,36343360,59342699,107122516,181775724,342582877,761294721,1009541950,2023539839,3329305011,A,TRUE,FALSE,78,306,FALSE,TRUE,258,322,23
01/08/2023 22:24:06 EST,434,UC9yadlAEiyOUNa3y4dnuYFg,maniadodoman1,ianboggs,@ianboggs,Ian Boggs,40262,entertainment,,Unspecified,TRUE,TRUE,TRUE,FALSE,TRUE,FALSE,TRUE,FALSE,FALSE,TRUE,1061,8230000,6523673626,10000,30000,100000,200000,430000,870000,1450000,3030000,5300000,9447413,26618635,83001440,178659948,349230331,693560050,1082078527,2143592756,4263952181,A,FALSE,FALSE,79,314,FALSE,TRUE,469,744,
01/08/2023 22:22:53 EST,469,UC3MLnJtqc_phABBriLRhtgQ,SonyMusicIndiaVEVO,,@sonymusicindiavevo,SonyMusicIndiaVEVO,40058,music,US,United States,TRUE,TRUE,TRUE,FALSE,FALSE,FALSE,FALSE,FALSE,FALSE,FALSE,3355,44300000,25426846244,0,100000,100000,200000,400000,700000,1100000,2300000,5000000,0,22239152,77686240,142465486,325294468,684617030,1035051130,2103327485,4238148087,A,FALSE,FALSE,80,320,FALSE,TRUE,50,52,18
01/08/2023 22:20:55 EST,516,UCyoXW-Dse7fURq30EWl_CUA,GoldminesTelefilms,goldminestelefilms,@goldminestelefilms,Goldmines,40929,film,IN,India,TRUE,TRUE,TRUE,TRUE,FALSE,TRUE,TRUE,FALSE,FALSE,FALSE,4652,79600000,20537470765,0,100000,200000,400000,1000000,2000000,3500000,8500000,17400000,35347500,54064648,127769235,95103426,374914652,862453753,1119564971,3217854812,5674036797,A,FALSE,FALSE,81,321,FALSE,TRUE,15,94,4
01/08/2023 22:29:30 EST,310,UCWBWgCD4oAqT3hUeq40SCUw,WBWgCD4oAqT3hUeq40SCUw,sambucha,@sambucha,Sambucha,43831,games,,Unspecified,TRUE,TRUE,TRUE,FALSE,FALSE,FALSE,FALSE,FALSE,FALSE,FALSE,1115,3840000,4206186996,0,20000,50000,110000,250000,520000,700000,1270000,2610000,0,20069249,62414794,152683471,315035177,612166714,943844092,1801512592,3289939772,A,FALSE,FALSE,82,329,FALSE,TRUE,913,1437,
01/08/2023 22:22:34 EST,478,UCyfkoMQeJOoEt3ZhY3PI6Uw,KapilComedyNights,colorsrishtey1,@colorsrishtey1,Colors Rishtey,41606,entertainment,IN,India,TRUE,FALSE,TRUE,TRUE,FALSE,TRUE,FALSE,FALSE,FALSE,FALSE,17234,12500000,10346419644,0,0,100000,100000,300000,600000,900000,2000000,4200000,9091174,27491003,74907884,136263933,313492724,646540672,1020618053,2204085028,4760722333,A,FALSE,FALSE,83,330,FALSE,TRUE,271,332,112
01/08/2023 22:25:10 EST,407,UCzXpAx4v6rFLYXkJZ5nmSvQ,zXpAx4v6rFLYXkJZ5nmSvQ,livcrime,@livcrime,LIV Crime,44061,people,IN,India,TRUE,FALSE,TRUE,FALSE,FALSE,FALSE,FALSE,FALSE,FALSE,FALSE,6181,16800000,8587356911,0,0,100000,200000,500000,1100000,1800000,3800000,7690000,9421965,28425654,69441008,144645956,326283155,663621864,1096247671,2313772111,4462558930,A,FALSE,FALSE,84,333,FALSE,TRUE,228,461,77
01/08/2023 22:26:21 EST,379,UCxHoBXkY88Tb8z1Ssj6CWsQ,xHoBXkY88Tb8z1Ssj6CWsQ,somoytvnetupdate,@somoynews360,SOMOY TV,42298,people,US,United States,TRUE,TRUE,TRUE,TRUE,FALSE,TRUE,TRUE,FALSE,FALSE,FALSE,117056,17800000,10295779926,100000,100000,100000,200000,300000,700000,1100000,2300000,5100000,14617669,23520532,67715162,117857630,320733872,-32960608,288305648,1424406668,4052711675,A,FALSE,FALSE,85,336,FALSE,TRUE,219,337,115
01/08/2023 22:19:58 EST,541,UCYqOeAXJm8yV9sJ8Ud3cR7A,newafi2013,indosiar,@indosiar,Indosiar,41540,entertainment,ID,Indonesia,TRUE,TRUE,TRUE,TRUE,FALSE,TRUE,TRUE,FALSE,FALSE,FALSE,62996,22700000,11446156089,0,100000,100000,200000,400000,900000,1400000,2500000,3800000,23480892,43312301,84947313,148235190,327721109,596621797,988587607,1749126455,3158606384,A,FALSE,FALSE,86,341,FALSE,TRUE,173,290,7
01/08/2023 22:27:19 EST,358,UC0WP5P-ufpRfjbNrmOWwLBQ,xoxxxoooxo,theweeknd,@theweeknd,The Weeknd,40599,music,CA,Canada,TRUE,TRUE,TRUE,TRUE,FALSE,TRUE,TRUE,FALSE,FALSE,FALSE,127,30300000,20607504631,0,0,100000,100000,300000,500000,800000,1900000,3800000,15128767,34764740,79302841,154311389,320206800,639423698,963159863,1983286199,4009897821,A,FALSE,FALSE,87,342,FALSE,TRUE,117,92,3
01/08/2023 22:24:23 EST,428,UCzYfz8uibvnB7Yc1LjePi4g,ChallengeAcceptedInc,challengeacceptedinc,@aphmau,Aphmau,41134,games,US,United States,TRUE,TRUE,TRUE,FALSE,FALSE,TRUE,TRUE,FALSE,FALSE,FALSE,4136,14900000,14666824005,0,0,0,0,200000,400000,600000,1500000,3200000,18095560,26536881,67028008,140498742,328881363,657768505,915707857,2128864217,4502925972,A,FALSE,FALSE,88,343,FALSE,TRUE,247,180,137
01/08/2023 22:23:42 EST,447,UCGneD6jGryp7fJxKza1sFuA,GneD6jGryp7fJxKza1sFuA,,@ibrahimelhidir,IBRAHIM ELHIDIR,44335,people,TR,Turkey,TRUE,FALSE,TRUE,FALSE,FALSE,FALSE,FALSE,FALSE,FALSE,FALSE,920,6550000,3300816088,20000,50000,120000,300000,820000,1390000,1970000,4230000,,15128860,28607350,47977208,117844041,309137223,544235802,788935794,1612760203,,A,FALSE,FALSE,89,346,FALSE,TRUE,639,2021,19
01/08/2023 22:21:44 EST,495,UC4NALVCmcmL5ntpV0thoH6w,LooLooKids,loolookids,@loolookids,LooLoo Kids - Nursery Rhymes and Children's Songs,41856,music,US,United States,TRUE,TRUE,TRUE,TRUE,FALSE,TRUE,TRUE,FALSE,FALSE,FALSE,590,51600000,30407438236,0,0,100000,100000,400000,1000000,1400000,2300000,4600000,9681527,29321998,70521786,139554358,307634252,680455714,1050450617,1848282882,4288519294,A,FALSE,TRUE,90,351,FALSE,TRUE,39,28,14
01/08/2023 22:24:46 EST,415,UCF1JIbMUs6uqoZEY1Haw0GQ,ShemarooEnt,shemaroo,@shemaroo,Shemaroo,39326,entertainment,IN,India,TRUE,FALSE,TRUE,TRUE,FALSE,TRUE,TRUE,FALSE,FALSE,FALSE,10523,43000000,22066491138,0,100000,200000,300000,800000,1700000,2400000,5500000,8800000,10036338,30717923,73655585,146316175,293942234,789971432,1126477863,2065710097,3722917238,A,FALSE,FALSE,91,352,FALSE,TRUE,57,73,17
01/08/2023 22:54:51 EST,266,UC8f7MkX4MFOOJ2SerXLInCA,gmmonetv,one31official,@one31official,ช่อง one31,41284,entertainment,TH,Thailand,TRUE,TRUE,TRUE,TRUE,FALSE,TRUE,TRUE,FALSE,FALSE,TRUE,103549,35700000,26904322642,0,100000,100000,200000,300000,600000,1000000,1800000,3600000,0,21725797,66767965,288005093,302080601,634061941,2652490162,314751843,1483407516,A,TRUE,FALSE,92,353,FALSE,TRUE,86,42,2
01/08/2023 22:24:16 EST,431,UCnm5DH0oJndtA-6J10_jIEw,Tarangtvodisha,tarangtvodisha,@tarangtvodisha,Tarang TV,40920,entertainment,IN,India,TRUE,TRUE,TRUE,TRUE,FALSE,TRUE,TRUE,FALSE,FALSE,FALSE,42036,6800000,12854225941,0,10000,20000,40000,90000,170000,230000,470000,950000,11205950,40733456,74209323,151658312,316433889,647931766,974969216,2164344449,4763262854,A,FALSE,FALSE,93,356,FALSE,TRUE,610,240,288
01/08/2023 23:02:42 EST,74,UCDloohi99BTt-vEDDVqiuPw,Bolofofosoficial,bolofofosoficial,@bolofofos,Bolofofos,41932,music,BR,Brazil,TRUE,FALSE,TRUE,TRUE,FALSE,FALSE,TRUE,FALSE,FALSE,TRUE,40,7740000,5563394998,10000,30000,60000,120000,280000,520000,770000,1600000,3170000,10544556,30417155,69267703,138349672,308084168,620222046,933617923,1859331452,3105340480,A,FALSE,FALSE,94,357,FALSE,TRUE,516,948,118
01/08/2023 22:25:12 EST,405,UCRm96I5kmb_iGFofE5N691w,tseriesoldisgold,tseriesoldisgold,@tseriesoldisgold,Bollywood Classics,41001,music,IN,India,TRUE,TRUE,TRUE,TRUE,FALSE,TRUE,FALSE,FALSE,FALSE,FALSE,1949,32300000,20019661735,0,0,0,100000,300000,700000,1100000,2400000,4900000,9862576,29720248,70171045,137660512,300156178,613912331,1345067107,1300242690,3259718796,A,FALSE,FALSE,95,360,FALSE,TRUE,104,99,32
01/08/2023 22:57:52 EST,178,UChlgI3UHCOnwUGzWzbJ3H5w,Ytnnews24,ytnnews24,@ytnnews24,YTN,41417,news,KR,Korea,TRUE,TRUE,TRUE,TRUE,FALSE,TRUE,FALSE,FALSE,FALSE,FALSE,643224,3720000,9754748643,10000,10000,20000,30000,70000,150000,210000,430000,1030000,8228441,28661122,55561289,128307242,301894378,646328089,961274161,1939861463,3662599881,A,TRUE,FALSE,96,368,FALSE,TRUE,925,376,111
01/08/2023 22:26:28 EST,378,UCN6sm8iHiPd0cnoUardDAnw,N6sm8iHiPd0cnoUardDAnw,jamunatvbd,@jamunatvbd,Jamuna TV,43080,news,BD,Bangladesh,TRUE,FALSE,TRUE,TRUE,FALSE,TRUE,TRUE,FALSE,FALSE,FALSE,93910,12800000,10514139347,100000,100000,100000,200000,300000,500000,800000,1700000,3860000,17880217,47355412,107369562,166625167,316942026,653554761,999623113,2039729910,4686338003,A,TRUE,FALSE,97,370,FALSE,TRUE,269,324,1
01/08/2023 22:26:44 EST,370,UCgwv23FVv3lqh567yagXfNg,DisneyMusicVEVO,,@disneymusicvevo,DisneyMusicVEVO,40318,music,US,United States,TRUE,FALSE,TRUE,TRUE,FALSE,TRUE,TRUE,FALSE,FALSE,TRUE,1868,31000000,26115244385,0,0,100000,100000,300000,500000,700000,1600000,4900000,0,20050177,59887607,126350860,308790115,696608728,1029497526,2238780180,6007831020,A,FALSE,FALSE,98,375,FALSE,TRUE,113,46,40
01/08/2023 22:27:30 EST,352,UCOVHJ8NtaQrcDUsW9G7iBMA,OVHJ8NtaQrcDUsW9G7iBMA,,@abdallah_naser,عبدالله ناصر,43891,people,EG,Egypt,TRUE,FALSE,TRUE,TRUE,FALSE,FALSE,TRUE,FALSE,FALSE,TRUE,2820,3390000,4512423903,10000,30000,50000,110000,220000,410000,530000,880000,2841000,9800964,28763197,50358245,122470712,288381889,587831585,780787301,1282246664,3909319458,A,FALSE,FALSE,99,378,FALSE,TRUE,960,1308,65
01/08/2023 22:59:41 EST,133,UCZuPJZ2kGFdlbQu1qotZaHw,Karolgmusic,karolgmusic,@karolgmusic,KAROL G,41347,music,CO,Colombia,TRUE,FALSE,TRUE,TRUE,FALSE,TRUE,TRUE,FALSE,FALSE,TRUE,123,28700000,15304037495,0,0,100000,100000,300000,500000,700000,1800000,3900000,14759224,29365403,68933657,138433151,301602899,571870862,898270468,1874811484,3435512610,A,FALSE,FALSE,100,379,FALSE,TRUE,131,162,3